Name,Age
055A12.JPG,12.0
016A03.JPG,3.0
054A06.JPG,6.0
053A06.JPG,6.0
080A02.JPG,2.0
001A08.JPG,8.0
033A14.JPG,14.0
032A15.JPG,15.0
011A15.JPG,15.0
042A20.JPG,20.0
035A14.JPG,14.0
043A15.JPG,15.0
079A07.JPG,7.0
025A03.JPG,3.0
052A07.JPG,7.0
065A12.JPG,12.0
037A09.JPG,9.0
043A27.JPG,27.0
066A02b.JPG,2.0
036A05.JPG,5.0
044A15.JPG,15.0
045A40.JPG,40.0
027A13.JPG,13.0
076A10.JPG,10.0
006A31.JPG,31.0
081A04.JPG,4.0
077A08.JPG,8.0
015A12.JPG,12.0
022A28.JPG,28.0
077A11.JPG,11.0
073A16.JPG,16.0
023A22.JPG,22.0
034A39.JPG,39.0
037A19.JPG,19.0
068A10b.JPG,10.0
054A13.JPG,13.0
044A13.JPG,13.0
036A03.JPG,3.0
006A40.JPG,40.0
029A10.JPG,10.0
012A25.JPG,25.0
048A27.JPG,27.0
036A13.JPG,13.0
020A16.JPG,16.0
004A62.JPG,62.0
072A14.JPG,14.0
036A18.JPG,18.0
065A07b.JPG,7.0
065A03b.JPG,3.0
078A11.JPG,11.0
066A00.JPG,0.0
028A26.JPG,26.0
048A15.JPG,15.0
018A29.JPG,29.0
035A08.JPG,8.0
017A07.JPG,7.0
003A23.JPG,23.0
074A07.JPG,7.0
029A22.JPG,22.0
054A10.JPG,10.0
024A05.JPG,5.0
051A12.JPG,12.0
030A23.JPG,23.0
004A40.JPG,40.0
060A08.JPG,8.0
028A16.JPG,16.0
005A31.JPG,31.0
023A00.JPG,0.0
024A18.JPG,18.0
001A33.JPG,33.0
070A12.JPG,12.0
048A52.JPG,52.0
073A03.JPG,3.0
011A17.JPG,17.0
072A17.JPG,17.0
076A06.JPG,6.0
068A14.JPG,14.0
014A42.JPG,42.0
047A13.JPG,13.0
048A30.JPG,30.0
079A05.JPG,5.0
012A34.JPG,34.0
028A14.JPG,14.0
001A16.JPG,16.0
058A04.JPG,4.0
050A03.JPG,3.0
021A16.JPG,16.0
035A03.JPG,3.0
053A12.JPG,12.0
081A02.JPG,2.0
042A12.JPG,12.0
047A11.JPG,11.0
062A03.JPG,3.0
040A07.JPG,7.0
049A08.JPG,8.0
041A00.JPG,0.0
049A17.JPG,17.0
039A35.JPG,35.0
043A03.JPG,3.0
027A22.JPG,22.0
035A23b.JPG,23.0
078A03.JPG,3.0
078A13.JPG,13.0
040A09.JPG,9.0
031A06.JPG,6.0
041A09.JPG,9.0
047A15.JPG,15.0
006A36.JPG,36.0
020A22.JPG,22.0
074A03.JPG,3.0
021A20.JPG,20.0
043A05.JPG,5.0
079A03.JPG,3.0
078A08.JPG,8.0
006A61.JPG,61.0
027A41.JPG,41.0
009A05.JPG,5.0
040A05.JPG,5.0
013A34.JPG,34.0
046A04.JPG,4.0
059A16.JPG,16.0
076A00.JPG,0.0
057A18.JPG,18.0
012A21.JPG,21.0
059A14.JPG,14.0
012A26.JPG,26.0
056A01.JPG,1.0
078A01.JPG,1.0
048A49.JPG,49.0
082A16.JPG,16.0
032A33.JPG,33.0
059A03.JPG,3.0
081A12.JPG,12.0
068A04.JPG,4.0
018A33.JPG,33.0
028A41.JPG,41.0
014A30.JPG,30.0
021A11.JPG,11.0
012A27.JPG,27.0
021A27.JPG,27.0
038A34.JPG,34.0
010A10.JPG,10.0
072A27.JPG,27.0
042A14.JPG,14.0
042A28.JPG,28.0
058A10.JPG,10.0
073A02.JPG,2.0
054A00.JPG,0.0
049A15.JPG,15.0
014A40.JPG,40.0
052A14.JPG,14.0
002A12.JPG,12.0
057A23.JPG,23.0
009A22a.JPG,22.0
038A05.JPG,5.0
050A18.JPG,18.0
080A01.JPG,1.0
055A23.JPG,23.0
001A05.JPG,5.0
046A18.JPG,18.0
019A23.JPG,23.0
062A35.JPG,35.0
025A23.JPG,23.0
073A07.JPG,7.0
029A05.JPG,5.0
053A00.JPG,0.0
075A08.JPG,8.0
017A36.JPG,36.0
053A03.JPG,3.0
036A11.JPG,11.0
048A18.JPG,18.0
073A14.JPG,14.0
015A05.JPG,5.0
063A09.JPG,9.0
028A37.JPG,37.0
034A21.JPG,21.0
019A12.JPG,12.0
017A42.JPG,42.0
045A06.JPG,6.0
053A01.JPG,1.0
080A08.JPG,8.0
039A07.JPG,7.0
029A01.JPG,1.0
028A35.JPG,35.0
049A16.JPG,16.0
043A19.JPG,19.0
029A04.JPG,4.0
015A00.JPG,0.0
026A13.JPG,13.0
016A10.JPG,10.0
077A12.JPG,12.0
011A07.JPG,7.0
048A10.JPG,10.0
009A18.JPG,18.0
009A14.JPG,14.0
047A18.JPG,18.0
034A25.JPG,25.0
079A00.JPG,0.0
061A10.JPG,10.0
053A15.JPG,15.0
073A04.JPG,4.0
013A18.JPG,18.0
009A22b.JPG,22.0
047A33.JPG,33.0
060A04.JPG,4.0
013A44.JPG,44.0
014A14.JPG,14.0
079A13.JPG,13.0
051A05.JPG,5.0
007A45.JPG,45.0
073A15.JPG,15.0
074A15.JPG,15.0
053A04.JPG,4.0
013A00.JPG,0.0
038A04.JPG,4.0
046A10.JPG,10.0
011A11.JPG,11.0
076A01.JPG,1.0
005A40.JPG,40.0
053A18.JPG,18.0
035A00.JPG,0.0
082A00.JPG,0.0
015A14.JPG,14.0
056A02.JPG,2.0
054A04.JPG,4.0
004A26.JPG,26.0
036A00.JPG,0.0
031A04.JPG,4.0
028A18.JPG,18.0
058A01.JPG,1.0
063A18.JPG,18.0
010A05.JPG,5.0
021A18.JPG,18.0
002A16.JPG,16.0
026A11.JPG,11.0
037A13.JPG,13.0
047A06.JPG,6.0
011A40.JPG,40.0
067A39.JPG,39.0
013A23.JPG,23.0
014A36.JPG,36.0
001A29.JPG,29.0
009A09.JPG,9.0
071A23.JPG,23.0
038A10.JPG,10.0
022A11.JPG,11.0
030A05.JPG,5.0
005A30.JPG,30.0
011A27.JPG,27.0
052A16.JPG,16.0
053A10.JPG,10.0
065A02b.JPG,2.0
035A21.JPG,21.0
045A08.JPG,8.0
019A15.JPG,15.0
048A33.JPG,33.0
074A08.JPG,8.0
061A32.JPG,32.0
062A18.JPG,18.0
034A35.JPG,35.0
003A49.JPG,49.0
055A06.JPG,6.0
002A15.JPG,15.0
046A06.JPG,6.0
012A04.JPG,4.0
061A07.JPG,7.0
074A06.JPG,6.0
032A24.JPG,24.0
025A12.JPG,12.0
072A41.JPG,41.0
059A12.JPG,12.0
076A08.JPG,8.0
019A07.JPG,7.0
065A11.JPG,11.0
012A14.JPG,14.0
052A17.JPG,17.0
032A40.JPG,40.0
005A24.JPG,24.0
082A21.JPG,21.0
076A12.JPG,12.0
016A16.JPG,16.0
078A04.JPG,4.0
004A37.JPG,37.0
049A12.JPG,12.0
010A18.JPG,18.0
057A05.JPG,5.0
001A43b.JPG,43.0
041A20.JPG,20.0
071A45.JPG,45.0
003A25.JPG,25.0
075A07.JPG,7.0
019A30.JPG,30.0
055A04.JPG,4.0
063A25.JPG,25.0
024A07.JPG,7.0
074A04.JPG,4.0
026A00.JPG,0.0
044A17.JPG,17.0
040A10.JPG,10.0
033A39.JPG,39.0
021A06.JPG,6.0
030A00.JPG,0.0
035A12.JPG,12.0
054A18.JPG,18.0
025A15.JPG,15.0
052A18.JPG,18.0
006A69.JPG,69.0
037A01.JPG,1.0
056A03.JPG,3.0
061A19.JPG,19.0
031A07.JPG,7.0
024A17.JPG,17.0
055A22.JPG,22.0
023A05.JPG,5.0
078A15.JPG,15.0
076A05.JPG,5.0
008A12.JPG,12.0
034A04.JPG,4.0
082A22.JPG,22.0
002A05.JPG,5.0
033A21.JPG,21.0
050A10.JPG,10.0
023A14.JPG,14.0
019A03.JPG,3.0
013A19.JPG,19.0
034A02.JPG,2.0
012A30.JPG,30.0
006A55.JPG,55.0
032A20.JPG,20.0
007A38.JPG,38.0
046A17.JPG,17.0
065A08.JPG,8.0
068A00.JPG,0.0
044A21.JPG,21.0
061A30.JPG,30.0
044A25.JPG,25.0
071A42.JPG,42.0
027A11.JPG,11.0
054A09.JPG,9.0
048A50.JPG,50.0
016A12.JPG,12.0
024A19.JPG,19.0
008A41.JPG,41.0
047A45.JPG,45.0
036A15.JPG,15.0
038A23.JPG,23.0
077A07.JPG,7.0
046A16.JPG,16.0
052A20.JPG,20.0
040A02.JPG,2.0
032A28.JPG,28.0
061A29.JPG,29.0
034A15.JPG,15.0
031A09.JPG,9.0
038A14.JPG,14.0
009A00.JPG,0.0
031A14.JPG,14.0
017A26.JPG,26.0
042A18.JPG,18.0
073A09.JPG,9.0
015A17.JPG,17.0
057A07.JPG,7.0
077A03.JPG,3.0
071A24.JPG,24.0
002A04.JPG,4.0
059A06.JPG,6.0
050A06.JPG,6.0
032A35.JPG,35.0
078A10.JPG,10.0
033A10.JPG,10.0
009A11.JPG,11.0
061A18.JPG,18.0
002A18.JPG,18.0
062A41.JPG,41.0
069A02.JPG,2.0
004A48.JPG,48.0
010A09.JPG,9.0
010A16.JPG,16.0
020A08.JPG,8.0
072A13.JPG,13.0
003A61.JPG,61.0
035A16.JPG,16.0
080A10.JPG,10.0
070A01.JPG,1.0
047A55.JPG,55.0
072A29.JPG,29.0
075A00.JPG,0.0
019A05.JPG,5.0
066A06a.JPG,6.0
070A09.JPG,9.0
074A14.JPG,14.0
056A10.JPG,10.0
060A06.JPG,6.0
018A06.JPG,6.0
078A12.JPG,12.0
011A02.JPG,2.0
039A02.JPG,2.0
076A16.JPG,16.0
055A14.JPG,14.0
015A03.JPG,3.0
023A29.JPG,29.0
046A14.JPG,14.0
017A22.JPG,22.0
044A05.JPG,5.0
016A08.JPG,8.0
055A08.JPG,8.0
051A18.JPG,18.0
047A05.JPG,5.0
069A06.JPG,6.0
039A16.JPG,16.0
032A08.JPG,8.0
080A06.JPG,6.0
071A43.JPG,43.0
037A08.JPG,8.0
016A14.JPG,14.0
080A00.JPG,0.0
027A16.JPG,16.0
072A34.JPG,34.0
058A02.JPG,2.0
076A11.JPG,11.0
030A04.JPG,4.0
057A17.JPG,17.0
068A13.JPG,13.0
049A10.JPG,10.0
062A54.JPG,54.0
011A20.JPG,20.0
075A02.JPG,2.0
070A02.JPG,2.0
025A28.JPG,28.0
008A33.JPG,33.0
022A16.JPG,16.0
043A00.JPG,0.0
002A36.JPG,36.0
041A24.JPG,24.0
046A02.JPG,2.0
029A33.JPG,33.0
018A28.JPG,28.0
066A09.JPG,9.0
063A33.JPG,33.0
039A52.JPG,52.0
039A19.JPG,19.0
017A17.JPG,17.0
049A04.JPG,4.0
036A08.JPG,8.0
030A17.JPG,17.0
023A07.JPG,7.0
082A31.JPG,31.0
074A13.JPG,13.0
034A13.JPG,13.0
038A03.JPG,3.0
076A03.JPG,3.0
062A38.JPG,38.0
080A07.JPG,7.0
063A20.JPG,20.0
008A08.JPG,8.0
012A07.JPG,7.0
068A11.JPG,11.0
016A07.JPG,7.0
041A13.JPG,13.0
012A12.JPG,12.0
031A11.JPG,11.0
045A28.JPG,28.0
010A07a.JPG,7.0
043A23.JPG,23.0
041A19.JPG,19.0
053A13.JPG,13.0
004A21.JPG,21.0
066A07.JPG,7.0
039A05.JPG,5.0
053A11.JPG,11.0
027A18.JPG,18.0
071A22.JPG,22.0
079A12.JPG,12.0
080A14.JPG,14.0
068A03.JPG,3.0
054A19.JPG,19.0
080A13.JPG,13.0
015A07.JPG,7.0
014A12.JPG,12.0
047A20.JPG,20.0
024A10.JPG,10.0
001A19.JPG,19.0
069A07.JPG,7.0
079A01.JPG,1.0
038A01.JPG,1.0
039A17.JPG,17.0
031A19.JPG,19.0
013A21.JPG,21.0
029A23.JPG,23.0
020A18.JPG,18.0
029A20.JPG,20.0
061A17.JPG,17.0
074A09.JPG,9.0
025A18.JPG,18.0
077A15.JPG,15.0
017A32.JPG,32.0
053A08.JPG,8.0
001A10.JPG,10.0
082A20.JPG,20.0
008A18.JPG,18.0
030A20.JPG,20.0
003A18.JPG,18.0
019A27.JPG,27.0
038A00.JPG,0.0
040A16.JPG,16.0
057A12.JPG,12.0
078A07.JPG,7.0
025A39.JPG,39.0
045A19.JPG,19.0
016A01.JPG,1.0
033A30.JPG,30.0
014A03.JPG,3.0
082A03.JPG,3.0
076A14.JPG,14.0
051A14.JPG,14.0
010A12.JPG,12.0
075A11.JPG,11.0
004A53.JPG,53.0
022A30.JPG,30.0
007A01.JPG,1.0
077A02.JPG,2.0
044A03.JPG,3.0
051A17.JPG,17.0
074A11.JPG,11.0
057A16.JPG,16.0
045A48.JPG,48.0
078A06.JPG,6.0
070A03.JPG,3.0
018A22.JPG,22.0
035A23a.JPG,23.0
077A00.JPG,0.0
002A07.JPG,7.0
027A36.JPG,36.0
024A25.JPG,25.0
064A03.JPG,3.0
077A09.JPG,9.0
052A19.JPG,19.0
012A23.JPG,23.0
073A00.JPG,0.0
018A25.JPG,25.0
068A10a.JPG,10.0
006A51.JPG,51.0
080A04.JPG,4.0
056A15.JPG,15.0
008A16.JPG,16.0
069A09.JPG,9.0
036A19.JPG,19.0
046A01.JPG,1.0
080A12.JPG,12.0
009A03.JPG,3.0
048A09.JPG,9.0
056A04.JPG,4.0
002A20.JPG,20.0
058A13.JPG,13.0
026A19.JPG,19.0
081A03.JPG,3.0
029A11.JPG,11.0
045A32.JPG,32.0
066A06b.JPG,6.0
038A17.JPG,17.0
013A30.JPG,30.0
065A06a.JPG,6.0
062A30.JPG,30.0
058A05.JPG,5.0
023A25.JPG,25.0
068A09.JPG,9.0
082A25.JPG,25.0
022A18.JPG,18.0
022A23.JPG,23.0
061A25.JPG,25.0
066A02a.JPG,2.0
076A15.JPG,15.0
014A16.JPG,16.0
058A06.JPG,6.0
035A09.JPG,9.0
030A10.JPG,10.0
033A05.JPG,5.0
071A27.JPG,27.0
078A14.JPG,14.0
040A19.JPG,19.0
003A20.JPG,20.0
030A18.JPG,18.0
001A02.JPG,2.0
026A04.JPG,4.0
042A06.JPG,6.0
058A17.JPG,17.0
077A13.JPG,13.0
007A37.JPG,37.0
032A13.JPG,13.0
067A33.JPG,33.0
016A17.JPG,17.0
054A16.JPG,16.0
029A16.JPG,16.0
072A11.JPG,11.0
070A05.JPG,5.0
048A46.JPG,46.0
065A02a.JPG,2.0
069A03.JPG,3.0
072A45.JPG,45.0
015A19.JPG,19.0
042A00.JPG,0.0
033A44.JPG,44.0
022A00.JPG,0.0
043A17.JPG,17.0
076A02.JPG,2.0
025A22.JPG,22.0
077A16.JPG,16.0
079A02.JPG,2.0
038A08.JPG,8.0
054A02.JPG,2.0
070A08.JPG,8.0
074A05.JPG,5.0
005A35.JPG,35.0
017A19.JPG,19.0
079A09.JPG,9.0
060A11.JPG,11.0
066A03.JPG,3.0
081A08.JPG,8.0
020A04.JPG,4.0
008A03.JPG,3.0
079A08.JPG,8.0
032A18.JPG,18.0
048A17.JPG,17.0
010A15.JPG,15.0
037A06.JPG,6.0
036A20.JPG,20.0
028A46.JPG,46.0
072A21.JPG,21.0
051A00.JPG,0.0
053A02.JPG,2.0
020A26.JPG,26.0
019A00.JPG,0.0
003A51.JPG,51.0
059A02a.JPG,2.0
007A26.JPG,26.0
066A10.JPG,10.0
014A18.JPG,18.0
073A12.JPG,12.0
063A00.JPG,0.0
060A05.JPG,5.0
046A00.JPG,0.0
058A03.JPG,3.0
065A03a.JPG,3.0
039A11.JPG,11.0
035A05.JPG,5.0
076A07.JPG,7.0
061A26.JPG,26.0
038A11.JPG,11.0
031A00.JPG,0.0
050A22.JPG,22.0
074A02.JPG,2.0
066A08.JPG,8.0
007A39.JPG,39.0
004A51.JPG,51.0
010A04.JPG,4.0
002A23.JPG,23.0
010A06.JPG,6.0
002A31.JPG,31.0
043A13.JPG,13.0
044A07.JPG,7.0
032A10.JPG,10.0
034A18.JPG,18.0
005A61.JPG,61.0
025A34.JPG,34.0
016A05.JPG,5.0
040A03a.JPG,3.0
043A04.JPG,4.0
076A09.JPG,9.0
069A10.JPG,10.0
062A47.JPG,47.0
076A13.JPG,13.0
046A12.JPG,12.0
077A14.JPG,14.0
015A01.JPG,1.0
005A18.JPG,18.0
036A06.JPG,6.0
041A02.JPG,2.0
001A22.JPG,22.0
005A49.JPG,49.0
011A14.JPG,14.0
034A44.JPG,44.0
018A11.JPG,11.0
051A24.JPG,24.0
038A21.JPG,21.0
072A07.JPG,7.0
062A16.JPG,16.0
040A12.JPG,12.0
011A34.JPG,34.0
027A30.JPG,30.0
020A30.JPG,30.0
030A16.JPG,16.0
022A14.JPG,14.0
001A40.JPG,40.0
042A01.JPG,1.0
013A16.JPG,16.0
016A04.JPG,4.0
042A05.JPG,5.0
052A13.JPG,13.0
077A06.JPG,6.0
026A02.JPG,2.0
072A19.JPG,19.0
064A01.JPG,1.0
009A01.JPG,1.0
022A26.JPG,26.0
022A25.JPG,25.0
041A06.JPG,6.0
039A50.JPG,50.0
077A04.JPG,4.0
046A20.JPG,20.0
018A18.JPG,18.0
017A05.JPG,5.0
006A24.JPG,24.0
077A10.JPG,10.0
028A20.JPG,20.0
025A19.JPG,19.0
015A10.JPG,10.0
052A10.JPG,10.0
071A00.JPG,0.0
023A16.JPG,16.0
029A29.JPG,29.0
007A22.JPG,22.0
008A30.JPG,30.0
065A07a.JPG,7.0
051A15.JPG,15.0
027A20.JPG,20.0
081A01.JPG,1.0
003A60.JPG,60.0
037A02.JPG,2.0
067A30.JPG,30.0
072A02.JPG,2.0
064A19.JPG,19.0
009A16a.JPG,16.0
078A00.JPG,0.0
054A12.JPG,12.0
024A30.JPG,30.0
001A43a.JPG,43.0
042A04.JPG,4.0
040A06.JPG,6.0
067A26.JPG,26.0
031A15.JPG,15.0
006A28.JPG,28.0
067A04.JPG,4.0
021A23.JPG,23.0
033A02.JPG,2.0
043A10.JPG,10.0
018A34.JPG,34.0
022A07.JPG,7.0
002A38.JPG,38.0
059A04.JPG,4.0
003A38.JPG,38.0
012A36.JPG,36.0
022A27.JPG,27.0
008A21.JPG,21.0
002A03.JPG,3.0
004A30.JPG,30.0
021A03.JPG,3.0
041A04.JPG,4.0
017A29.JPG,29.0
076A17.JPG,17.0
067A17.JPG,17.0
064A04.JPG,4.0
016A18.JPG,18.0
006A46.JPG,46.0
016A19.JPG,19.0
020A13.JPG,13.0
076A04.JPG,4.0
045A12.JPG,12.0
064A15.JPG,15.0
034A30.JPG,30.0
068A12.JPG,12.0
040A14.JPG,14.0
047A27.JPG,27.0
039A45.JPG,45.0
005A48.JPG,48.0
065A10.JPG,10.0
078A05.JPG,5.0
024A00.JPG,0.0
002A21.JPG,21.0
018A36.JPG,36.0
033A35.JPG,35.0
069A05.JPG,5.0
066A11.JPG,11.0
015A09.JPG,9.0
008A06.JPG,6.0
021A39.JPG,39.0
080A05.JPG,5.0
037A04.JPG,4.0
052A02.JPG,2.0
011A30.JPG,30.0
061A06.JPG,6.0
073A05.JPG,5.0
036A01.JPG,1.0
062A15.JPG,15.0
060A19.JPG,19.0
062A53.JPG,53.0
047A23.JPG,23.0
023A03.JPG,3.0
004A63.JPG,63.0
029A31.JPG,31.0
071A44.JPG,44.0
045A18.JPG,18.0
039A15.JPG,15.0
045A17.JPG,17.0
023A21.JPG,21.0
077A01.JPG,1.0
027A02.JPG,2.0
040A00.JPG,0.0
020A24.JPG,24.0
031A03.JPG,3.0
070A00.JPG,0.0
063A22.JPG,22.0
042A24.JPG,24.0
046A08.JPG,8.0
074A01.JPG,1.0
045A25.JPG,25.0
006A42.JPG,42.0
031A12.JPG,12.0
021A30.JPG,30.0
069A00.JPG,0.0
060A17.JPG,17.0
008A17.JPG,17.0
030A07.JPG,7.0
049A06.JPG,6.0
023A18.JPG,18.0
079A11.JPG,11.0
040A03b.JPG,3.0
033A25.JPG,25.0
081A06.JPG,6.0
081A00.JPG,0.0
024A23.JPG,23.0
080A09.JPG,9.0
010A01.JPG,1.0
063A02.JPG,2.0
067A28.JPG,28.0
054A17.JPG,17.0
072A25.JPG,25.0
020A20.JPG,20.0
001A14.JPG,14.0
050A14.JPG,14.0
061A15.JPG,15.0
075A01.JPG,1.0
073A13.JPG,13.0
057A25.JPG,25.0
008A13.JPG,13.0
008A31.JPG,31.0
079A10.JPG,10.0
015A04.JPG,4.0
008A29.JPG,29.0
071A35.JPG,35.0
061A04.JPG,4.0
051A16.JPG,16.0
071A10.JPG,10.0
039A13.JPG,13.0
009A13.JPG,13.0
067A21.JPG,21.0
065A06b.JPG,6.0
070A07.JPG,7.0
067A23.JPG,23.0
071A18.JPG,18.0
069A11.JPG,11.0
021A35.JPG,35.0
078A02.JPG,2.0
013A25.JPG,25.0
062A45.JPG,45.0
056A12.JPG,12.0
036A17.JPG,17.0
045A03.JPG,3.0
057A06.JPG,6.0
078A09.JPG,9.0
037A18.JPG,18.0
017A38.JPG,38.0
063A04.JPG,4.0
050A16.JPG,16.0
063A08.JPG,8.0
066A04.JPG,4.0
026A07.JPG,7.0
024A28.JPG,28.0
079A04.JPG,4.0
048A00.JPG,0.0
020A36.JPG,36.0
065A04.JPG,4.0
019A18.JPG,18.0
005A45.JPG,45.0
060A20.JPG,20.0
048A16.JPG,16.0
023A09.JPG,9.0
014A22.JPG,22.0
081A11.JPG,11.0
034A16.JPG,16.0
035A18.JPG,18.0
011A05.JPG,5.0
052A04.JPG,4.0
058A00.JPG,0.0
002A26.JPG,26.0
050A00.JPG,0.0
060A10.JPG,10.0
082A18.JPG,18.0
082A23.JPG,23.0
074A12.JPG,12.0
059A07.JPG,7.0
